Hanzi,Meaning,Notes,alt_sort_num
厉,stern,lì,0123
状,state of affairs,zhuàng,0242
逃,escape,táo,0295
逊,modest,xùn,0298
略,abbreviation,lüè,0311
裁,tailor,cái,0401
滴,drip,dī,0452
逐,pursue,zhú,0524
恩,kindness,ēn,0570
摩,rub,mó,0586
购,purchase,gòu,0686
赏,prize,shǎng,0703
励,encourage,lì,0736
苏,revive,sū,0745
揪,hold tight,jiū,0770
粉,powder,fěn,0779
尺,ruler,chǐ,0894
折,discount,zhé,0932
哲,philosopher,zhé,0933
逝,pass away,shì,0934
著,author,zhù,1040
坠,plunge,zhuì,1070
贸,trade,mào,1108
辟,repudiate,pì,1187
艳,gorgeous,yàn,1334
辅,supplement,fǔ,1380
暇,spare time,xiá,1403
勒,tighten,lēi,1409
掩,conceal,yǎn,1485
叭,trumpet,bā,1501
咕,mutter,gū,1502
胆,gall bladder,dǎn,1503
咱,we (inclusive),zán,1504
肿,swollen,zhǒng,1505
串,string together,chuàn,1506
吓,terrify,xià,1507
罩,overspread,zhào,1508
兽,beast,shòu,1509
嚣,hubbub,xiāo,1510
矗,stand straight,chù,1511
颠,invert,diān,1512
巩,strengthen,gǒng,1513
叨,talkative,dāo,1514
刮,scrape,guā,1515
盯,stare at,dīng,1516
呵,rebuke,hē,1517
姑,father's sister,gū,1518
婴,baby,yīng,1519
姆,nanny,mǔ,1520
兢,cautious,jīng,1521
奋,exert oneself,fèn,1522
夹,press from both sides,jiā,1523
颊,cheek,jiá,1524
厕,toilet,cè,1525
硕,big,shuò,1526
砌,lay brick,qì,1527
哨,whistle,shào,1528
晃,sway,huàng,1529
泪,tears,lèi,1530
泄,discharge,xiè,1531
泊,moor,bó,1532
沾,soak,zhān,1533
渺,insignificant,miǎo,1534
汰,get rid of,tài,1535
咏,chant,yǒng,1536
腺,gland,xiàn,1537
鲁,Lu,lǔ,1538
坦,level,tǎn,1539
坝,dam,bà,1540
涯,bank,yá,1541
娃,newborn,wá,1542
肘,elbow,zhǒu,1543
碍,obstruct,ài,1544
夺,take by force,duó,1545
灼,scorch,zhuó,1546
炒,stir-fry,chǎo,1547
灶,cooking stove,zào,1548
哩,mile,lǐ,1549
厘,smidgen,lí,1550
鲤,carp,lǐ,1551
嘿,Hey!,hēi,1552
熏,treat with smoke,xūn,1553
丹,cinnabar red,dān,1554
炯,shining,jiǒng,1555
晌,part of the day,shǎng,1556
淌,trickle,tǎng,1557
宁,calm,níng,1558
寡,widowed,guǎ,1559
喧,boisterous,xuān,1560
棚,shed,péng,1561
柏,cypress,bǎi,1562
朴,plain,pǔ,1563
朵,flouds,duǒ,1564
杠,thick stick,gàng,1565
椅,chair,yǐ,1566
樱,cherry,yīng,1567
梢,treetops,shāo,1568
杜,prevent,dù,1569
杰,outstanding,jié,1570
桐,paulownia,tóng,1571
宋,Song Dynasty,sòng,1572
桂,cassia-bark tree,guì,1573
淋,drench,lín,1574
焚,burn,fén,1575
厢,side room,xiāng,1576
昧,obscure,mèi,1577
朱,vermillion,zhū,1578
株,tree trunk,zhū,1579
萌,bud,méng,1580
苟,careless,gǒu,1581
苛,exacting,kē,1582
萝,edible root,luó,1583
膜,membrane,mó,1584
暮,sunset,mù,1585
寞,solitary,mò,1586
猫,cat,māo,1587
狭,narrow,xiá,1588
狸,raccoon dog,lí,1589
犹,just like,yóu,1590
燃,ignite,rán,1591
咒,curse,zhòu,1592
嗅,sniff,xiù,1593
牢,jail,láo,1594
牡,dude,mǔ,1595
宪,constitution,xiàn,1596
赞,succor,zàn,1597
伞,umbrella,sǎn,1598
舍,abode,shè,1599
啥,wha?,shá,1600
洽,in agreement,qià,1601
旺,thriving,wàng,1602
碧,green jade,bì,1603
琐,trivial,suǒ,1604
汪,tearful,wāng,1605
枉,crooked,wǎng,1606
珠,pearl,zhū,1607
噩,shocking,è,1608
栓,plug,shuān,1609
柱,pillar,zhù,1610
钥,key,yào,1611
钻,drill,zuān,1612
钞,paper money,chāo,1613
锁,lock,suǒ,1614
销,put up for sale,xiāo,1615
锣,gong,luó,1616
迫,compel,pò,1617
迁,resituate,qiān,1618
逼,press,bī,1619
辽,far away,liáo,1620
逻,make the rounds,luó,1621
逞,flaunt,chěng,1622
轨,rails,guǐ,1623
轧,flatten,yà,1624
辐,spokes,fú,1625
链,chain,liàn,1626
煎,saute,jiān,1627
喻,figure of speech,yù,1628
榆,elm,yú,1629
胳,upper limb,gē,1630
厦,skyscraper,shà,1631
牵,lead along,qiān,1632
浑,muddled,hún,1633
晕,dizzy,yūn,1634
炕,brick-heated bed,kàng,1635
膏,ointment,gāo,1636
淳,honest,chún,1637
亨,go smoothly,hēng,1638
哼,hum,hēng,1639
鲸,whale,jīng,1640
壳,shell,ké,1641
洁,spotless,jié,1642
枚,small objects,méi,1643
牧,herd,mù,1644
玫,rose,méi,1645
敦,candid,dūn,1646
墩,mound,dūn,1647
瞻,look upward,zhān,1648
谓,meaning,wèi,1649
询,inquire,xún,1650
讥,deride,jī,1651
罚,penalize,fá,1652
订,place an order,dìng,1653
谅,forgive,liàng,1654
诺,promise,nuò,1655
讯,interrogate,xùn,1656
谍,espionage,dié,1657
碟,saucer,dié,1658
贰,II,èr,1659
腻,sick and tired of,nì,1660
嘎,caw,gā,1661
域,domain,yù,1662
栽,sow,zāi,1663
戚,kin,qī,1664
蔑,despise,miè,1665
喊,yell,hǎn,1666
溅,splatter,jiàn,1667
浇,sprinkle,jiāo,1668
涩,astringent,sè,1669
址,address,zhǐ,1670
赴,go to,fù,1671
趟,trip,tàng,1672
堤,dike,dī,1673
津,Tianjin,jīn,1674
键,keyboard keys,jiàn,1675
婿,son-in-law,xù,1676
袜,socks,wà,1677
衰,decline,shuāi,1678
衷,innermost feelings,zhōng,1679
猿,ape,yuán,1680
吊,dangle,diào,1681
币,currency,bì,1682
帕,handkerchief,pà,1683
帖,note,tiě,1684
帆,sail,fān,1685
幅,width of cloth,fú,1686
锦,brocade,jǐn,1687
沛,copious,pèi,1688
柿,persimmon,shì,1689
棘,thorn bushes,jí,1690
蕾,flower bud,lěi,1691
尝,taste,cháng,1692
坛,altar,tán,1693
枣,jujube,zǎo,1694
吞,gulp down,tūn,1695
妖,bewitching,yāo,1696
沃,fertile,wò,1697
袄,short Chinese-style coat,ǎo,1698
轿,sedan chair,jiào,1699
垃,garbage,lā,1700
啼,weep aloud,tí,1701
蒂,fruit stem,dì,1702
顷,100 Chinese acres,qǐng,1703
匙,spoon,chí,1704
乖,well-behaved,guāi,1705
乘,hitch a ride,chéng,1706
剩,leftover,shèng,1707
毕,complete,bì,1708
棍,club,gùn,1709
谐,in accord,xié,1710
柴,firewood,chái,1711
沦,sink,lún,1712
敏,quick-witted,mǐn,1713
霉,mildew,méi,1714
迄,so far,qì,1715
砍,chop,kǎn,1716
坎,hump,kǎn,1717
炊,cook,chuī,1718
钦,think highly of,qīn,1719
剖,cut open,pōu,1720
菩,bodhisattva,pú,1721
黯,tenebrous,àn,1722
赢,win,yíng,1723
芒,mango,máng,1724
荒,wasteland,huāng,1725
谎,lie,huǎng,1726
茫,boundless,máng,1727
坊,workshop,fáng,1728
芳,aromatic,fāng,1729
访,call on,fǎng,1730
淤,silt,yū,1731
熬,stew,áo,1732
膀,upper arm,bǎng,1733
磅,pound,bàng,1734
榜,roster,bǎng,1735
锐,sharp,ruì,1736
虹,rainbow,hóng,1737
蝠,bat,fú,1738
浊,turbid,zhuó,1739
蝗,locust,huáng,1740
蛙,frog,wā,1741
烛,candle,zhú,1742
茧,cocoon,jiǎn,1743
蚕,silkworm,cán,1744
胞,placenta,bāo,1745
炮,cannon,pào,1746
袍,robe,páo,1747
雹,hail,báo,1748
豪,unrestrained,háo,1749
啄,peck,zhuó,1750
琢,chisel,zhuó,1751
遂,satisfy,suì,1752
嫁,marry,jià,1753
肠,intestines,cháng,1754
杨,poplar,yáng,1755
烫,scald,tàng,1756
荡,licentious,dàng,1757
姜,ginger,jiāng,1758
详,detailed,xiáng,1759
羡,envy,xiàn,1760
栏,railing,lán,1761
拦,impede,lán,1762
唯,solely,wéi,1763
雀,sparrow,què,1764
堆,pile,duī,1765
雕,sculpture,diāo,1766
截,lop off,jié,1767
霍,all at once,huò,1768
雌,feminine,cí,1769
焦,apprehensive,jiāo,1770
瞧,lay eyes on,qiáo,1771
礁,reef,jiāo,1772
蕉,banana,jiāo,1773
翘,turn upward,qiào,1774
塌,fall down,tā,1775
翰,writing brush,hàn,1776
耀,show off,yào,1777
戳,jab,chuō,1778
咽,throat,yān,1779
姻,in-law,yīn,1780
墙,wall,qiáng,1781
旷,expansive,kuàng,1782
矿,mine,kuàng,1783
庆,celebrate,qìng,1784
嘛,(pause marker),ma,1785
磨,grind,mó,1786
脏,dirty,zàng,1787
赃,stolen goods,zāng,1788
桩,stake,zhuāng,1789
忠,loyal,zhōng,1790
恕,pardon,shù,1791
惑,be bewildered,huò,1792
愈,more and more,yù,1793
惠,favor,huì,1794
忌,shun,jì,1795
患,troubles,huàn,1796
惹,provoke,rě,1797
恒,permanent,héng,1798
悟,realize,wù,1799
悼,mourn,dào,1800
惧,be frightened,jù,1801
慎,prudent,shèn,1802
惰,indolent,duò,1803
恢,immense,huī,1804
惶,fearful,huáng,1805
忆,recall,yì,1806
悄,noiseless,qiǎo,1807
恍,all of a sudden,huǎng,1808
恰,just right,qià,1809
愉,overjoyed,yú,1810
怔,terror-stricken,zhèng,1811
怖,be scared of,bù,1812
慌,nervous,huāng,1813
愣,dumbfounded,shǎ,1814
悦,delighted,yuè,1815
憎,loathe,zēng,1816
惟,thinking,wéi,1817
悔,be sorry about,huǐ,1818
慕,admire,mù,1819
添,augment,tiān,1820
媳,daughter-in-law,xí,1821
熄,put out,xī,1822
泌,secrete,mì,1823
瑟,Chinese harp,sè,1824
蜜,honey,mì,1825
蛾,moth,é,1826
扒,pick pockets,pá,1827
扣,button,kòu,1828
拍,racquet,pāi,1829
啪,clapping sound,pā,1830
扑,pounce on,pū,1831
拘,detain,jū,1832
损,damage,sǔn,1833
拓,pioneer,tuò,1834
扛,carry over the shoulder,káng,1835
扎,prick,zhā,1836
拇,thumb,mǔ,1837
捎,bring to,shāo,1838
抄,copy,chāo,1839
垫,pad,diàn,1840
挚,earnest,zhì,1841
捏,pinch,niē,1842
拧,tweak,niē,1843
抹,smear on,mǒ,1844
摸,grope,mō,1845
描,describe,miáo,1846
挑,foment,tiǎo,1847
扰,harass,rǎo,1848
搞,engage in,gǎo,1849
拴,tether,shuān,1850
拾,tidy up,shí,1851
搭,put up,dā,1852
掠,pillage,lüè,1853
拭,wipe away,shì,1854
挠,chafe,náo,1855
扯,yank,chě,1856
撞,bump into,zhuàng,1857
摘,handpick,zhāi,1858
拖,drag,tuō,1859
扬,publicize,yáng,1860
搓,massage,cuō,1861
捆,lash together,kǔn,1862
扩,enlarge,kuò,1863
撼,joggle,hàn,1864
挟,coerce,xié,1865
擅,act without authority,shàn,1866
颤,tremble,chàn,1867
戒,take precautions against,jiè,1868
械,weapon,xiè,1869
诫,warn,jiè,1870
莽,rude,mǎng,1871
奔,dash,bēn,1872
喷,spurt,pēn,1873
愤,indignation,fèn,1874
材,stuff,cái,1875
荐,recommend,jiàn,1876
孕,pregnant,yùn,1877
扔,throw away,rēng,1878
携,take along,xié,1879
圾,trash,jī,1880
梗,stalk,gěng,1881
叹,sigh,tàn,1882
叉,fork,chā,1883
权,authority,quán,1884
寇,outlaw,kòu,1885
敲,knock,qiāo,1886
轰,rumble,hōng,1887
滩,beach,tān,1888
毅,resolute,yì,1889
肢,limb,zhī,1890
妓,prostitute,jì,1891
歧,fork in the road,qí,1892
翅,fins,chì,1893
淑,graceful,shū,1894
椒,spice plant,jiāo,1895
盾,shield,dùn,1896
贩,peddler,fàn,1897
扳,tug,bān,1898
烁,luminous,shuò,1899
觅,try to find,mì,1900
妥,appropriate,tuǒ,1901
豹,leopard,bào,1902
貌,mien,mào,1903
睬,notice,cǎi,1904
允,consent,yǔn,1905
宏,magnificent,hóng,1906
垒,baseball base,lěi,1907
胎,fetus,tāi,1908
怠,negligent,dài,1909
怡,cheerful,yí,1910
冶,smelt,yě,1911
抬,elevate,tái,1912
罢,cease,bà,1913
摆,put in order,bǎi,1914
丢,mislay,diū,1915
致,bring about,zhì,1916
弃,forsake,qì,1917
撤,remove,chè,1918
硫,sulfur,liú,1919
琉,glaze,liú,1920
疏,sparse,shū,1921
蔬,veggies,shū,1922
勾,cross out,gōu,1923
沟,ditch,gōu,1924
钩,hook,gōu,1925
崩,crumble,bēng,1926
岩,rock,yán,1927
峭,precipitous,qiào,1928
崎,rugged,qí,1929
崖,cliff,yá,1930
灿,brilliant,càn,1931
炭,charcoal,tàn,1932
碳,carbon,tàn,1933
岂,(rhetorical question),qǐ,1934
凯,triumphant,kǎi,1935
峡,gorge,xiá,1936
崔,Cui,cuī,1937
摧,wreck,cuī,1938
逆,go against,nì,1939
溯,go upstream,sù,1940
塑,plastic,sù,1941
盼,await hopefully,pàn,1942
颁,promulgate,bān,1943
芬,essence,fēn,1944
扮,play the part of,bàn,1945
岔,diverge,chà,1946
颂,extol,sòng,1947
讼,litigate,sòng,1948
滚,trundle,gǔn,1949
翁,elderly man,wēng,1950
嗡,buzzing,wēng,1951
裕,abundant,yù,1952
榕,banyan,róng,1953
熔,fuse,róng,1954
裳,raiment,shang,1955
掌,palm of the hand,zhǎng,1956
撑,prop up,chēng,1957
膛,chest,táng,1958
颇,quite,pō,1959
坡,slope,pō,1960
披,drape over the shoulders,pī,1961
菠,spinach,bō,1962
歼,annihilate,jiān,1963
殖,breed,zhí,1964
殊,dissimilar,shū,1965
残,incomplete,cán,1966
咧,grin,liě,1967
裂,crack,liè,1968
毙,die a violent death,bì,1969
耿,dedicated,gěng,1970
辑,edit,jí,1971
耻,shame,chǐ,1972
摄,take a photo,shè,1973
聪,smart,cōng,1974
娶,take a wife,qǔ,1975
蔓,creeping vine,wàn,1976
肤,skin,fū,1977
扶,lend a hand,fú,1978
潜,submerge,qián,1979
卧,for sleeping,wò,1980
藏,hide,cáng,1981
熙,splendid,xī,1982
勋,merit,xūn,1983
劣,inferior,liè,1984
募,recruit,mù,1985
劝,advise,quàn,1986
劫,plunder,jié,1987
抛,toss,pāo,1988
胁,threaten,xié,1989
怒,anger,nù,1990
茄,eggplant,qié,1991
彻,thorough,chè,1992
征,solicit,zhēng,1993
惩,chasten,chéng,1994
徒,follower,tú,1995
徊,undecided,huái,1996
役,service,yì,1997
循,comply with,xún,1998
彼,the other,bǐ,1999
衍,develop,yǎn,2000
衡,weight,héng,2001
衔,title,xián,2002
秃,bald,tū,2003
颓,decrepit,tuí,2004
秒,seconds,miǎo,2005
稍,a little,shāo,2006
稣,rise again,sū,2007
稿,draft,gǎo,2008
稠,dense,chóu,2009
颖,clever,yǐng,2010
稼,crops,jià,2011
税,tax,shuì,2012
稚,immature,zhì,2013
菌,fungus,jùn,2014
穗,ear of grain,suì,2015
秘,confidential,mì,2016
私,private,sī,2017
秩,order,zhì,2018
锹,shovel,qiāo,2019
梨,pear,lí,2020
犁,plow,lí,2021
萎,wilt,wěi,2022
黏,sticky,nián,2023
黎,host,lí,2024
膝,knees,xī,2025
漆,wall paint,qī,2026
锈,rust,xiù,2027
眯,squint,mī,2028
糊,batter,hù,2029
粘,glue,zhān,2030
奥,of great depth,ào,2031
澳,deep inlet,ào,2032
懊,remorseful,ào,2033
菊,chrysanthemum,jú,2034
渊,abyss,yuān,2035
粱,fine millet,liáng,2036
梁,roof beam,liáng,2037
糙,rough,cāo,2038
粒,grain,lì,2039
糕,cake,gāo,2040
蔽,shelter,bì,2041
憋,suppress,biē,2042
撇,cast aside,piē,2043
弊,fraud,bì,2044
莱,lambsquarters,lái,2045
搂,cuddle,lǒu,2046
筑,construct,zhù,2047
箩,bamboo basket,luó,2048
笨,stupid,bèn,2049
筒,tube,tǒng,2050
箭,arrow,jiàn,2051
筛,sift,shāi,2052
筋,tendon,jīn,2053
伍,V,wǔ,2054
仇,animosity,chóu,2055
倡,start,chàng,2056
伯,father's older brother,bó,2057
仲,mid-,zhòng,2058
仆,servant,pú,2059
估,estimate,gū,2060
侦,detect,zhēn,2061
俱,altogether,jù,2062
佑,bless,yòu,2063
佐,assistant,zuǒ,2064
侧,lateral,cè,2065
亿,one hundred million,yì,2066
仔,meticulous,zǐ,2067
倚,count on,yǐ,2068
俏,comely,qiào,2069
佳,superb,jiā,2070
侍,serve,shì,2071
伙,mate,huǒ,2072
倘,if,tǎng,2073
宿,stay overnight,sù,2074
伏,bend over,fú,2075
袱,wrapping cloth,fú,2076
偷,steal,tōu,2077
偿,repay,cháng,2078
伐,fell,fá,2079
佩,wear at the waist,pèi,2080
侨,live abroad,qiáo,2081
倾,incline,qīng,2082
伦,human relationships,lún,2083
侮,insult,wǔ,2084
倍,times,bèi,2085
仿,mimic,fǎng,2086
傲,haughty,ào,2087
僧,Buddhist monk,sēng,2088
悠,without haste,yōu,2090
侄,nephew,zhí,2091
仙,immortal,xiān,2092
傍,close to,bàng,2093
催,prod,cuī,2094
俗,custom,sú,2095
侠,chivalrous person,xiá,2096
俄,Russia,é,2097
聚,assemble,jù,2098
符,symbol,fú,2099
贷,loan,dài,2100
荷,Holland,hé,2101
杖,cane,zhàng,2102
仗,battle,zhàng,2103
丛,thicket,cóng,2104
耸,shrug,sǒng,2105
挫,frustrate,cuò,2106
诬,charge falsely,wū,2107
葛,kudzu,gé,2108
褐,brown,hè,2109
竭,use up,jié,2110
歇,take a rest,xiē,2111
揭,reveal,jiē,2112
淫,promiscuous,yín,2113
凭,proof,píng,2114
挺,erect,tǐng,2115
赎,redeem,shú,2116
瓦,tile,wǎ,2117
瓷,porcelain,cí,2118
拟,simulate,nǐ,2119
瓶,bottle,píng,2120
宫,palace,gōng,2121
铝,aluminum,lǚ,2122
萤,firefly,yíng,2123
莹,lustrous,yíng,2124
蒙,Mongolia,Měng,2125
朦,dim,méng,2126
捞,scoop up,lāo,2127
旋,whirl,xuàn,2128
吻,kiss,wěn,2129
匆,hurriedly,cōng,2130
葱,onion,cōng,2131
锡,tin,xī,2132
惕,watchful,tì,2133
卢,Louvre,lú,2134
屉,drawer,tì,2135
屑,bits,xiè,2136
尿,urine,niào,2137
犀,rhinoceros,xī,2138
迟,tardy,chí,2139
刷,brush,shuā,2140
漏,leak,lòu,2141
屁,fart,pì,2142
屈,knuckle under,qū,2143
掘,excavate,jué,2144
履,footwear,lǚ,2145
屎,excrement,shǐ,2146
屡,time and again,lǚ,2147
屏,folding screen,píng,2148
眉,eyebrows,méi,2149
媚,flatter,mèi,2150
昼,daylight,zhòu,2151
启,enlighten,qǐ,2152
肩,shoulder,jiān,2153
妒,jealous of,dù,2154
炉,stove,lú,2155
芦,reeds,lú,2156
扇,fan,shàn,2157
奈,can't help but,nài,2158
款,funds,kuǎn,2159
凛,chilly,lǐn,2160
祟,evil spirit,suì,2161
祝,wish well,zhù,2162
祥,propitious,xiáng,2163
蔚,luxuriant,wèi,2164
慰,console,wèi,2165
蒜,garlic,suàn,2166
棕,palm tree,zōng,2167
宙,universe,zhòu,2168
轴,axle,zhóu,2169
袖,sleeve,xiù,2170
庙,temple,miào,2171
笛,flute,dí,2172
届,fall due,jiè,2173
呻,groan,shēn,2174
坤,female,kūn,2175
审,painstaking,shěn,2176
婶,auntie,shěn,2177
畅,smooth,chàng,2178
巢,nest,cháo,2179
棵,flora,kē,2180
裸,naked,luǒ,2181
裹,envelop,guǒ,2182
析,analyze,xī,2183
晰,distinct,xī,2184
芹,celery,qín,2185
祈,supplicate,qí,2186
欣,elated,xīn,2187
掀,uncover,xiān,2188
惭,conscience-stricken,cán,2189
崭,towering,zhǎn,2190
浙,Zhejian Province,zhè,2191
誓,vow,shì,2192
拆,take apart,chāi,2193
炸,blow up,zhà,2194
诈,swindle,zhà,2195
归,come back,guī,2196
皱,wrinkles,zhòu,2197
煞,goblin,shà,2198
趋,hasten,qū,2199
雏,chick,chú,2200
浸,immerse,jìn,2201
寝,get some shuteye,qǐn,2202
侵,invade,qīn,2203
缘,reason,yuán,2204
稳,stable,wěn,2205
挡,fend off,dǎng,2206
剥,peel off,bāo,2207
秉,wield,bǐng,2208
妻,wife,qī,2209
凄,miserable,qī,2210
捷,nimble,jié,2211
肃,solemn,sù,2212
啸,howl,xiào,2213
萧,desolate,xiāo,2214
兼,double,jiān,2215
赚,earn,zhuàn,2216
嫌,dislike,xián,2217
谦,unassuming,qiān,2218
歉,apology,qiàn,2219
廉,inexpensive,lián,2220
镰,sickle,lián,2221
睁,unshut,zhēng,2222
挣,struggle,zhēng,2223
筝,Chinese zither,zhēng,2224
塘,pool,táng,2225
隶,bondservant,lì,2226
逮,arrest,dài,2227
慷,generous,kāng,2228
糠,chaff,kāng,2229
笋,bamboo shoot,sǔn,2230
耍,mess around,shuǎ,2231
耐,-proof,nài,2232
喘,wheeze,chuǎn,2233
揣,conjecture,chuǎi,2234
槽,trough,cáo,2235
遭,meet with,zāo,2236
糟,messed up,zāo,2237
抖,quiver,dǒu,2238
惜,rue,xī,2239
措,arrange,cuò,2240
腊,dried meat,là,2241
蜡,wax,là,2242
猎,hunt,liè,2243
燕,swallow,yàn,2244
遮,screen,zhē,2245
畔,littoral,pàn,2246
拌,blend,bàn,2247
叛,betray,pàn,2248
券,voucher,quàn,2249
藤,rattan,téng,2250
鼎,old cooking pot,dǐng,2251
芝,sesame,zhī,2252
贬,devalue,biǎn,2253
泛,nonspecific,fàn,2254
歪,askew,wāi,2255
矫,rectify,jiǎo,2256
矮,short of stature,ǎi,2257
唉,sigh--ay-ay,āi,2258
埃,fine dust,āi,2259
挨,suffer,ái,2260
簇,cluster,cù,2261
茅,thatch,máo,2262
橘,tangerine,jú,2263
舒,relax,shū,2264
览,view,lǎn,2265
揽,take on,lǎn,2266
肾,kidneys,shèn,2267
竖,perpendicular,shù,2268
弘,noble,hóng,2269
夷,barbarian,yí,2270
姨,maternal aunt,yí,2271
疆,dividing line,jiāng,2272
僵,stiff,jiāng,2273
粥,porridge,zhōu,2274
蝉,cicada,chán,2275
禅,meditation,chán,2276
沸,bring to a boil,fèi,2277
拂,caress,fú,2278
剃,shave,tì,2279
递,hand over,dì,2280
梯,ladder,tī,2281
涕,snot,tì,2282
朽,decayed,xiǔ,2283
聘,employ,pìn,2284
姊,elder sister,zǐ,2285
亏,loss,kuī,2286
污,filthy,wū,2287
夸,brag,kuā,2288
垮,collapse,kuǎ,2289
挎,carry on the arm,kuà,2290
鳄,crocodile,è,2291
愕,stunned,è,2292
躺,lie down,tǎng,2293
躲,dodge,duǒ,2294
躬,stoop,gōng,2295
嗜,hanker,shì,2296
姥,maternal grandmother,lǎo,2297
拷,flog,kǎo,2298
屿,islet,yǔ,2299
暑,summer heat,shǔ,2300
睹,behold,dǔ,2301
署,add your John Hancock,shǔ,2302
薯,yam,shǔ,2303
赌,gamble,dǔ,2304
奢,extravagant,shē,2305
堵,stop up,dǔ,2306
煮,boil,zhǔ,2307
诸,various,zhū,2308
储,put in storage,chǔ,2309
屠,slaughter,tú,2310
棺,coffin,guān,2311
爹,dad,diē,2312
斧,axe,fǔ,2313
咬,bite,yǎo,2314
胶,gum,jiāo,2315
狡,sly,jiǎo,2316
捉,catch,zhuō,2317
促,urge,cù,2318
趴,prostrate oneself,pā,2319
踏,trample,tà,2320
践,tread on,jiàn,2321
跃,leap,yuè,2322
蹄,hoof,tí,2323
踩,step on,cǎi,2324
蹦,hop,bèng,2325
跌,slump,diē,2326
踢,kick,tī,2327
踪,tracks,zōng,2328
跨,straddle,kuà,2329
躁,impetuous,zào,2330
噪,chirping,zào,2331
澡,bath,zǎo,2332
藻,algae,zǎo,2333
燥,parched,zào,2334
操,exercise,cāo,2335
猾,cunning,huá,2336
髓,marrow,suǐ,2337
陌,footpath,mò,2338
隙,rift,xì,2339
陡,steep,dǒu,2340
陪,accompany,péi,2341
障,barrier,zhàng,2342
隧,tunnel,suì,2343
陋,undesirable,lòu,2344
隐,hidden,yǐn,2345
陕,Shaanxi Province,shǎn,2346
陵,mausoleum,líng,2347
棱,edge,léng,2348
菱,water caltrop,líng,2349
凌,bully,líng,2350
融,melt,róng,2351
隔,separate,gé,2352
窃,pilfer,qiè,2353
挖,dig,wā,2354
帘,drapes,lián,2355
窥,peep,kuī,2356
穷,poor,qióng,2357
窄,strait,zhǎi,2358
榨,extract,zhà,2359
窟,den,kū,2360
窘,poverty-stricken,jiǒng,2361
窜,scurry,cuàn,2362
腔,body cavity,qiāng,2363
窝,hollow,wō,2364
涡,whirlpool,wō,2365
锅,pot,guō,2366
祸,misfortune,huò,2367
蜗,snail,wō,2368
宾,visitor,bīn,2369
滨,water's edge,bīn,2370
绷,stretch taut,bēng,2371
纤,fiber,xiān,2372
绰,ample,chuò,2373
绍,acquaint,shào,2374
纱,yarn,shā,2375
络,web,luò,2376
绸,silk fabric,chóu,2377
绒,down,róng,2378
绕,go around,rào,2379
绽,split at the seams,zhàn,2380
绵,continuous,mián,2381
缔,conclude,dì,2382
纺,spin,fǎng,2383
缠,wind around,chán,2384
绘,paint,huì,2385
纷,disorderly,fēn,2386
绣,embroidery,xiù,2387
缕,in detail,lǚ,2388
缩,shrink,suō,2389
纳,let in,nà,2390
综,sum up,zōng,2391
绅,gentry,shēn,2392
绪,inception,xù,2393
绞,wring,jiǎo,2394
缓,unhurried,huǎn,2395
暖,warm,nuǎn,2396
援,provide assistance,yuán,2397
绢,tough silk,juàn,2398
捐,contribute,juān,2399
缴,shell out,jiǎo,2400
邀,request the presence of,yāo,2401
缆,cable,lǎn,2402
哟,Oh!,yō,2403
颈,neck,jǐng,2404
茎,plant stem,jīng,2405
径,trail,jìng,2406
劲,powerful,jìng,2407
幼,young,yòu,2408
溪,creek,xī,2409
幽,secluded,yōu,2410
玄,mysterious,xuán,2411
弦,bowstring,xián,2412
畜,livestock,chù,2413
蓄,save up,xù,2414
磁,magnetism,cí,2415
滋,nourish,zī,2416
慈,kindhearted,cí,2417
累,tired,lèi,2418
螺,spiral shell,luó,2419
紫,purple,zǐ,2420
繁,numerous,fán,2421
絮,long-winded,xù,2422
索,large rope,suǒ,2423
脖,head-hinge,bó,2424
勃,vibrant,bó,2425
卸,unload,xiè,2426
御,withstand,yù,2427
卵,nest eggs,luǎn,2428
孵,hatch,fū,2429
乳,breast,rǔ,2430
浮,float,fú,2431
俘,captive,fú,2432
榴,pomegranate,liú,2433
爷,grandfather,yé,2434
疑,doubt,yí,2435
凝,congeal,níng,2436
玲,exquisite,líng,2437
铃,small bell,líng,2438
怜,pity,lián,2439
岭,mountain range,lǐng,2440
伶,actor,líng,2441
涌,gush,yǒng,2442
桶,bucket,tǒng,2443
诵,read aloud,sòng,2444
范,model,fàn,2445
扼,clutch,è,2446
卷,exam paper,juàn,2447
倦,worn out,juàn,2448
圈,circle,quān,2449
怨,resentment,yuàn,2450
宛,winding,wǎn,2451
腕,wrist,wàn,2452
婉,tactful,wǎn,2453
碗,bowl,wǎn,2454
苍,ash-colored,cāng,2455
抢,rob,qiǎng,2456
诡,deceitful,guǐ,2457
跪,kneel,guì,2458
舆,popular,yú,2459
酌,pour wine,zhuó,2460
酬,reward,chóu,2461
酷,brutal,kù,2462
醇,mellow wine,chún,2463
醋,vinegar,cù,2464
酱,thick sauce,jiàng,2465
奖,award,jiǎng,2466
浆,thick liquid,jiāng,2467
桨,oar,jiǎng,2468
蒋,Jiang,jiǎng,2469
醉,drunk,zuì,2470
碎,shattered,suì,2471
翠,emerald green,cuì,2472
粹,unmixed,cuì,2473
酸,sour,suān,2474
梭,shuttle,suō,2475
峻,lofty,jùn,2476
俊,handsome,jùn,2477
奠,found,diàn,2478
蹲,squat,dūn,2479
逗,tease,dòu,2480
橱,closet,chú,2481
嘻,giggling,xī,2482
嘉,commend,jiā,2483
盟,alliance,méng,2484
孟,Mencius,mèng,2485
猛,fierce,měng,2486
盐,salt,yán,2487
盔,helmet,kuī,2488
盒,small box,hé,2489
盛,flourishing,shèng,2490
盏,small cup,zhǎn,2491
盗,master thief,dào,2492
磕,collide with,kē,2493
盈,replete,yíng,2494
盆,basin,pén,2495
蕴,amass,yùn,2496
鉴,probe,jiàn,2497
滥,indiscriminate,làn,2498
尴,abashed,gān,2499
尬,embarrassed,gà,2500
沈,Shen,Shěn,2501
枕,pillow,zhěn,2502
耽,indulge in,dān,2503
衅,quarrel,xìn,2504
垦,reclaim,kěn,2505
狠,ruthless,hěn,2506
恳,wholeheartedly,kěn,2507
艰,arduous,jiān,2508
爵,upper crust,jué,2509
嚼,chew,jiáo,2510
卿,minister,qīng,2511
恨,hate,hèn,2512
朗,lucent,lǎng,2513
狼,wolf,láng,2514
粮,provisions,liáng,2515
酿,brew,niàng,2516
饥,starving,jī,2517
饶,spare,ráo,2518
饰,ornaments,shì,2519
饮,beverage,yǐn,2520
蚀,eat away,shí,2521
饱,sated,bǎo,2522
馒,bread,mán,2523
饼,cookie,bǐng,2524
饺,dumpling,jiǎo,2525
饿,hungry,è,2526
溉,irrigate,gài,2527
慨,incensed,kǎi,2528
苹,apple,píng,2529
萍,duckweed,píng,2530
秤,scale,chèng,2531
淆,confuse,xiáo,2532
艾,Chinese mugwort,ài,2533
哎,Good grief!,āi,2534
赵,Zhao,zhào,2535
攀,climb,pān,2536
刹,brake,shā,2537
枫,maple,fēng,2538
钢,steel,gāng,2539
岗,hillock,gǎng,2540
纲,guidelines,gāng,2541
屯,stockpile,tún,2542
吨,ton,dūn,2543
顿,pause,dùn,2544
纯,unadulterated,chún,2545
齿,teeth,chǐ,2546
龄,length of service,líng,2547
汹,turbulent,xiōng,2548
篱,fence,lí,2549
仪,rite,yí,2550
辜,crime,gū,2551
辞,phraseology,cí,2552
宰,butcher,zǎi,2553
辨,differentiate,biàn,2554
辫,braid,biàn,2555
臂,arm,bì,2556
劈,split,pǐ,2557
譬,analogy,pì,2558
僻,out-of-the-way,pì,2559
纠,entangle,jiū,2560
咳,cough,ké,2561
嚷,cry out,rǎng,2562
镶,inlay,xiāng,2563
塞,stronghold,sài,2564
寨,stockade,zhài,2565
晴,sunny,qíng,2566
猜,guess,cāi,2567
靖,pacify,jìng,2568
债,debt,zhài,2569
牲,domestic animal,shēng,2570
隆,impressive,lóng,2571
腥,fishy smell,xīng,2572
猩,orangutan,xīng,2573
醒,awaken,xǐng,2574
寿,longevity,shòu,2575
畴,farmland,chóu,2576
涛,large waves,tāo,2577
铸,cast,zhù,2578
祷,pray,dǎo,2579
筹,make arrangements,chóu,2580
契,contract,qì,2581
拜,adore,bài,2582
锋,cutting edge,fēng,2583
逢,chance upon,féng,2584
缝,sew,féng,2585
蓬,disheveled,péng,2586
篷,awning,péng,2587
蜂,bee,fēng,2588
峰,peak,fēng,2589
瞎,visionless,xiā,2590
辖,administer,xiá,2591
豁,breach,huō,2592
韩,Korea,hán,2593
违,disobey,wéi,2594
纬,latitude,wěi,2595
奏,play an instrument,zòu,2596
凑,gather together,còu,2597
秦,Qin,qín,2598
蠢,foolish,chǔn,2599
泽,swamp,zé,2600
译,translate,yì,2601
择,select,zé,2602
捧,carry in both hands,pěng,2603
砖,brick,zhuān,2604
唾,saliva,tuò,2605
吟,recite,yín,2606
贪,greedy,tān,2607
琴,stringed instrument,qín,2608
炼,refine,liàn,2609
晒,bask,shài,2610
洒,spill,sǎ,2611
栖,perch,qī,2612
栗,chestnut,lì,2613
牺,sacrifice,xī,2614
潭,deep pool,tán,2615
覆,overturn,fù,2616
飘,flutter,piāo,2617
献,donate,xiàn,2618
阔,broad,kuò,2619
润,moisten,rùn,2620
阁,cabinet,gé,2621
搁,put aside,gē,2622
闹,stir up trouble,nào,2623
阅,peruse,yuè,2624
闷,stuffy,mēn,2625
闭,close,bì,2626
闪,flash,shǎn,2627
阀,valve,fá,2628
闸,floodgate,zhá,2629
阐,explicate,chǎn,2630
涧,ravine,jiàn,2631
菲,humble,fēi,2632
辈,lifetime,bèi,2633
悲,sad,bēi,2634
徘,irresolute,pái,2635
喉,gullet,hóu,2636
猴,monkey,hóu,2637
肝,liver,gān,2638
刊,publication,kān,2639
奸,adultery,jiān,2640
汗,sweat,hàn,2641
杆,shaft,gǎn,2642
轩,veranda,xuān,2643
罕,rarely,hǎn,2644
竿,pole,gān,2645
悍,bold,hàn,2646
吁,plead,yù,2647
涂,smear,tú,2648
叙,recount,xù,2649
徐,slowly,xú,2650
斜,slanting,xié,2651
喇,flared horn,lǎ,2652
嗽,hack,sòu,2653
赖,rely on,lài,2654
懒,lazy,lǎn,2655
嫩,tender,nèn,2656
董,director,dǒng,2657
疗,cure,liáo,2658
痰,phlegm,tán,2659
症,disease,zhèng,2660
疼,hurt,téng,2661
痒,itch,yǎng,2662
瘫,paralysis,tān,2663
疫,epidemic,yì,2664
癌,cancer,ái,2665
疲,fatigued,pí,2666
痴,idiotic,chī,2667
瘤,tumor,liú,2668
疮,sore,chuāng,2669
疾,rapid,jí,2670
瘾,addiction,yǐn,2671
痕,trace,hén,2672
汇,converge,huì,2673
框,rectangular frame,kuàng,2674
筐,rectangular basket,kuāng,2675
砸,smash,zá,2676
匠,artisan,jiàng,2677
匪,bandit,fěi,2678
匿,keep out of sight,nì,2679
兜,pocket,dōu,2680
巨,gigantic,jù,2681
柜,cupboard,guì,2682
渠,canal,qú,2683
拒,refuse,jù,2684
矩,square,jǔ,2685
距,distance,jù,2686
殴,hit,ōu,2687
呕,vomit,ǒu,2688
躯,human body,qū,2689
昂,hold one's head high,áng,2690
抑,curb,yì,2691
葵,large-flowered plants,kuí,2692
瞪,glare,dèng,2693
凳,bench,dèng,2694
澄,transparent,chéng,2695
僚,coworker,liáo,2696
拨,allocate,bō,2697
泼,splash,pō,2698
拔,pull out,bá,2699
杉,fir tree,shān,2700
彬,well-mannered,bīn,2701
衫,shirt,shān,2702
彰,manifest,zhāng,2703
膨,puffy,péng,2704
渗,seep,shèn,2705
诊,diagnose,zhěn,2706
趁,take advantage of,chèn,2707
寥,deserted,liáo,2708
谬,wrong,miù,2709
铲,small shovel,chǎn,2710
萨,Samoa,sà,2711
刘,Liu,liú,2712
坟,tomb,fén,2713
纹,design,wén,2714
斋,abstain from food,zhāi,2715
斑,speck,bān,2716
剂,pharmaceutical,jì,2717
挤,squeeze,jǐ,2718
脊,backbone,jǐ,2719
函,letter,hán,2720
涵,culvert,hán,2721
映,reflect,yìng,2722
殃,calamity,yāng,2723
秧,youngling,yāng,2724
焕,glowing,huàn,2725
肥,plump,féi,2726
爬,crawl,pá,2727
疤,scar,bā,2728
甜,sugary,tián,2729
嵌,set,qiàn,2730
钳,pliers,qián,2731
媒,matchmaker,méi,2732
煤,coal,méi,2733
谋,scheme,móu,2734
棋,chess,qí,2735
欺,dupe,qī,2736
旗,flag,qí,2737
嘶,hoarse,sī,2738
撕,rip,sī,2739
堪,tolerate,kān,2740
勘,survey,kān,2741
遣,dispatch,qiǎn,2742
谴,censure,qiǎn,2743
囊,sack,náng,2744
溃,burst,kuì,2745
宜,fitting,yí,2746
谊,friendship,yì,2747
租,rent,zū,2748
粗,coarse,cū,2749
阻,block,zǔ,2750
桑,mulberry tree,sāng,2751
嗓,voicebox,sǎng,2752
叠,heap,dié,2753
锄,hoe,chú,2754
碰,bump,pèng,2755
谱,musical score,pǔ,2756
壶,kettle,hú,2757
凿,bore a hole,záo,2758
湿,wet,shī,2759
哑,mute,yǎ,2760
晋,promote,jìn,2761
哄,fool,hǒng,2762
洪,deluge,hóng,2763
烘,warm by a fire,hōng,2764
戴,have on,dài,2765
翼,wings,yì,2766
恭,respectful,gōng,2767
拱,arch,gǒng,2768
撰,compose,zhuàn,2769
粪,dung,fèn,2770
殿,ceremonial hall,diàn,2771
暴,violent,bào,2772
瀑,waterfall,pù,2773
爆,explode,bào,2774
拥,hug,yōng,2775
佣,put to work,yōng,2776
甩,fling,shuǎi,2777
庸,mediocre,yōng,2778
触,touch,chù,2779
蟹,crab,xiè,2780
懈,lax,xiè,2781
册,Vol.,cè,2782
删,delete,shān,2783
栅,palisade,zhà,2784
珊,coral,shān,2785
遍,everywhere,biàn,2786
偏,partial,piān,2787
抵,resist,dǐ,2788
氓,hoodlum,máng,2789
哺,breastfeed,bǔ,2790
浦,river mouth,pǔ,2791
蒲,cattail,pú,2792
薄,slight,bó,2793
铺,shop,pù,2794
捕,capture,bǔ,2795
敷,apply,fū,2796
膊,shoulder to arm,bó,2797
傅,mentor,fù,2798
缚,bind fast,fù,2799
簿,register,bù,2800
郁,depressed,yù,2801
郭,outer walls,guō,2802
廓,limitless,kuò,2803
邓,Deng,dèng,2804
鄙,despicable,bǐ,2805
耶,Jerusalem,Yē,2806
邮,post,yóu,2807
邦,nation,bāng,2808
绑,truss,bǎng,2809
郊,outskirts,jiāo,2810
邻,neighbor,lín,2811
廊,hallway,láng,2812
缎,satin,duàn,2813
刁,wily,diāo,2814
叼,hold in the mouth,diāo,2815
钙,calcium,gài,2816
殷,ardent,yīn,2817
伺,attend to,sì,2818
饲,rear,sì,2819
舶,liner,bó,2820
舰,warship,jiàn,2821
航,navigate,háng,2822
舵,rudder,duò,2823
舱,ship's cabin,cāng,2824
艇,light boat,tǐng,2825
沿,along,yán,2826
铅,lead,qiān,2827
狐,fox,hú,2828
瓣,petal,bàn,2829
溢,brim over,yì,2830
隘,pass,ài,2831
霞,red sky,xiá,2832
氨,ammonia,ān,2833
氧,oxygen,yǎng,2834
氛,atmosphere,fēn,2835
氢,hydrogen,qīng,2836
氯,chlorine,lǜ,2837
霸,tyrant,bà,2838
靴,boots,xuē,2839
鞭,whip,biān,2840
鞠,bow respectfully,jū,2841
芽,sprout,yá,2842
讶,surprised,yà,2843
雅,polished,yǎ,2844
邪,wicked,xié,2845
悉,be informed,xī,2846
毯,blanket,tǎn,2847
毫,milli-,háo,2848
耗,consume,hào,2849
耕,till,gēng,2850
籍,records,jí,2851
藉,in disorder,jí,2852
畏,be afraid of,wèi,2853
喂,Hello...,wèi,2854
胀,bloated,zhàng,2855
帐,tent,zhàng,2856
誉,reputation,yù,2857
剑,saber,jiàn,2858
敛,restrain,liǎn,2859
捡,pick up,jiǎn,2860
俭,thrifty,jiǎn,2861
签,sign,qiān,2862
鹏,roc,péng,2863
鸣,twitter,míng,2864
鸿,swan,hóng,2865
莺,oriole,yīng,2866
鸽,pigeon,gē,2867
鹤,crane,hè,2868
鹊,magpie,què,2869
鸥,gull,ōu,2870
鹅,goose,é,2871
鸦,raven,yā,2872
乌,crow,wū,2873
呜,zoom-zoom,wū,2874
捣,pound with a pestle,dǎo,2875
寓,residence,yù,2876
愚,pea-brained,yú,2877
偶,by chance,ǒu,2878
缸,vat,gāng,2879
窑,kiln,yáo,2880
罐,jar,guàn,2881
灌,pour into,guàn,2882
陶,pottery,táo,2883
淘,wash in a container,táo,2884
掏,draw out,tāo,2885
谣,rumor,yáo,2886
冤,injustice,yuān,2887
挽,tow,wǎn,2888
勉,strive,miǎn,2889
馋,gluttonous,chán,2890
橡,rubber tree,xiàng,2891
豫,pleased,yù,2892
码,numeral,mǎ,2893
驯,tame,xùn,2894
玛,Matteo,mǎ,2895
驻,be stationed,zhù,2896
骄,arrogant,jiāo,2897
驰,gallop,chí,2898
蚂,leech-hopper,mà,2899
驶,maneuver,shǐ,2900
骚,disturb,sāo,2901
驾,drive,jià,2902
驴,donkey,lǘ,2903
腾,take flight,téng,2904
骡,mule,luó,2905
骤,trot,zhòu,2906
闯,rush,chuǎng,2907
驱,drive away,qū,2908
驳,refute,bó,2909
骗,cheat,piàn,2910
唬,bluff,hǔ,2911
虏,take captive,lǔ,2912
虐,despotic,nüè,2913
滤,filter,lǜ,2914
瞬,instant,shùn,2915
麟,Chinese unicorn,lín,2916
磷,phosphorous,lín,2917
唇,lips,chún,2918
辱,disgrace,rǔ,2919
震,quake,zhèn,2920
振,vibrate,zhèn,2921
郑,Zheng,zhèng,2922
掷,hurl,zhì,2923
魄,vigor,pò,2924
槐,scholar tree,huái,2925
魅,enchant,mèi,2926
瑰,marvelous,guī,2927
魂,soul,hún,2928
愧,ashamed,kuì,2929
魁,leader,kuí,2930
胧,hazy,lóng,2931
垄,raised path between fields,lǒng,2932
宠,dote on,chǒng,2933
庞,huge,páng,2934
拢,draw near,lǒng,2935
聋,deaf,lóng,2936
笼,cage,lóng,2937
挪,transfer,nuó,2938
辆,vehicles,liàng,2939
瞒,dissemble,mán,2940
龟,tortoise,guī,2941
蝇,flies,yíng,2942
绳,rope,shéng,2943
淹,inundate,yān,2944
俺,we (exclusive),ǎn,2945
钮,push button,niǔ,2946
羞,shy,xiū,2947
纽,New York,niǔ,2948
赫,illustrious,hè,2949
奕,radiating vitality,yì,2950
迹,indication,jì,2951
蛮,barbaric,mán,2952
啤,beer,pí,2953
脾,spleen,pí,2954
碑,stele,bēi,2955
嘱,admonish,zhǔ,2956
肆,IV,sì,2957
插,insert,chā,2958
毁,ruin,huǐ,2959
鼠,mouse,shǔ,2960
舅,mother's brother,jiù,2961
滔,surging,tāo,2962
稻,unhulled rice,dào,2963
蹈,tread,dǎo,2964
嫂,elder brother's wife,sǎo,2965
搜,search,sōu,2966
瘦,emaciated,shòu,2967
艘,vessels,sōu,2968
焰,flame,yàn,2969
馅,filling,xiàn,2970
陷,get stuck,xiàn,2971
爽,frank,shuǎng,2972
缀,embellish,zhuì,2973
傻,thick-headed,shǎ,2974
蝴,butterfly (front end),hú,2975
蝶,butterfly (back end),dié,2976
蜘,spider (front end),zhī,2977
蛛,spider (back end),zhū,2978
骆,camel (front end),luò,2979
驼,camel (back end),tuó,2980
蜻,dragonfly (front end),qīng,2981
蜓,dragonfly (back end),tíng,2982
凤,male phoenix,fèng,2983
凰,female phoenix,huáng,2984
玻,glass (front side),bō,2985
璃,glass (back side),lí,2986
橄,olive (A),gǎn,2987
榄,olive (B),lǎn,2988
芙,hibiscus (A),fú,2989
蓉,cottonrose hibiscus (B),róng,2990
咖,coffee (first drop),kā,2991
啡,coffee (last drop),fēi,2992
葡,grapes (A),pú,2993
萄,grapes (B),táo,2994
蘑,mushroom (cap),mó,2995
菇,mushroom (stem),gū,2996
吩,in-,fēn,2997
咐,-struct,fù,2998
乒,ping,pīng,2999
乓,pong,pāng,3000
曹,Cao,cáo,3001
潘,Pan,pān,3002
谭,Tan,tán,3003
姚,Yao-2,yáo,3004
薛,Xue,xuē,3005
彭,Peng,péng,3006
冯,Feng,Féng,3007
魏,Wei,wèi,3008
岳,Yue,yuè,3009
莉,jasmine,lì,3010
湘,Hunan Province,xiāng,3011
甸,outlying areas,diàn,3012
沧,dark blue,cāng,3013
穆,reverent,mù,3014
娜,na,nuó,3015
琼,fine jade,qióng,3016
琳,gem,lín,3017
